label,seconds
music,1
music,2
music,3
music,4
music,5
music,6
music,7
music,8
music,9
music,10
music,11
music,12
music,13
music,14
music,15
music,16
music,17
music,18
music,19
music,20
music,21
music,22
music,23
music,24
music,25
music,26
music,27
music,28
music,29
music,30
music,31
music,32
music,33
music,34
music,35
music,36
music,37
music,38
music,39
music,40
music,41
music,42
music,43
music,44
music,45
music,46
music,47
music,48
music,49
music,50
music,51
music,52
music,53
music,54
music,55
music,56
music,57
music,58
music,59
music,60
music,61
music,62
music,63
music,64
music,65
music,66
music,67
music,68
music,69
music,70
music,71
music,72
music,73
music,74
music,75
music,76
music,77
music,78
music,79
music,80
music,81
music,82
music,83
music,84
music,85
music,86
music,87
music,88
music,89
music,90
music,91
music,92
music,93
music,94
music,95
music,96
music,97
music,98
music,99
music,100
music,101
music,102
music,103
music,104
music,105
music,106
music,107
music,108
music,109
music,110
music,111
music,112
music,113
music,114
music,115
music,116
music,117
music,118
music,119
music,120
music,121
music,122
music,123
music,124
music,125
music,126
music,127
music,128
music,129
music,130
music,131
music,132
music,133
music,134
music,135
music,136
music,137
music,138
music,139
music,140
music,141
music,142
music,143
speech,144
speech,145
speech,146
speech,147
speech,148
speech,149
speech,150
speech,151
speech,152
speech,153
speech,154
speech,155
speech,156
speech,157
speech,158
speech,159
speech,160
speech,161
speech,162
speech,163
speech,164
speech,165
speech,166
speech,167
speech,168
speech,169
speech,170
speech,171
speech,172
speech,173
speech,174
speech,175
speech,176
speech,177
speech,178
speech,179
speech,180
speech,181
speech,182
speech,183
speech,184
speech,185
speech,186
speech,187
speech,188
speech,189
speech,190
music,191
music,192
music,193
music,194
music,195
music,196
music,197
music,198
music,199
music,200
music,201
music,202
music,203
music,204
music,205
music,206
music,207
music,208
music,209
music,210
music,211
music,212
music,213
music,214
music,215
music,216
music,217
music,218
music,219
music,220
music,221
music,222
music,223
music,224
music,225
music,226
music,227
music,228
music,229
music,230
music,231
music,232
music,233
music,234
music,235
music,236
music,237
music,238
music,239
music,240
music,241
music,242
music,243
music,244
music,245
music,246
music,247
music,248
music,249
music,250
music,251
music,252
music,253
music,254
music,255
music,256
music,257
music,258
music,259
music,260
music,261
music,262
music,263
music,264
music,265
music,266
music,267
music,268
music,269
music,270
music,271
music,272
music,273
music,274
music,275
music,276
music,277
music,278
music,279
music,280
music,281
music,282
music,283
music,284
music,285
music,286
music,287
music,288
music,289
music,290
music,291
music,292
music,293
music,294
music,295
music,296
music,297
music,298
music,299
music,300
music,301
music,302
music,303
music,304
music,305
music,306
music,307
music,308
music,309
music,310
music,311
music,312
music,313
music,314
music,315
music,316
music,317
music,318
music,319
music,320
music,321
music,322
music,323
music,324
music,325
music,326
music,327
music,328
music,329
music,330
music,331
music,332
music,333
music,334
music,335
music,336
music,337
music,338
music,339
music,340
music,341
music,342
music,343
music,344
music,345
music,346
music,347
music,348
music,349
music,350
music,351
music,352
music,353
music,354
music,355
music,356
music,357
music,358
music,359
music,360
music,361
music,362
music,363
music,364
music,365
music,366
music,367
music,368
music,369
music,370
music,371
music,372
music,373
music,374
music,375
music,376
music,377
music,378
music,379
music,380
music,381
music,382
music,383
music,384
music,385
music,386
music,387
music,388
music,389
music,390
music,391
music,392
music,393
music,394
music,395
music,396
music,397
music,398
music,399
music,400
music,401
music,402
music,403
music,404
music,405
music,406
music,407
music,408
music,409
music,410
music,411
music,412
music,413
music,414
music,415
music,416
music,417
music,418
music,419
music,420
music,421
music,422
music,423
music,424
music,425
music,426
music,427
music,428
music,429
music,430
music,431
music,432
music,433
music,434
music,435
music,436
music,437
music,438
music,439
music,440
music,441
music,442
music,443
music,444
music,445
music,446
music,447
music,448
music,449
music,450
music,451
music,452
music,453
music,454
music,455
music,456
music,457
music,458
music,459
music,460
music,461
music,462
music,463
music,464
music,465
music,466
music,467
music,468
music,469
music,470
music,471
music,472
music,473
music,474
music,475
music,476
music,477
music,478
music,479
music,480
music,481
music,482
music,483
music,484
music,485
music,486
music,487
music,488
music,489
music,490
music,491
music,492
music,493
music,494
music,495
music,496
music,497
music,498
music,499
music,500
music,501
music,502
music,503
music,504
music,505
music,506
music,507
music,508
music,509
music,510
speech,511
speech,512
speech,513
speech,514
speech,515
speech,516
speech,517
speech,518
speech,519
speech,520
speech,521
speech,522
speech,523
speech,524
speech,525
speech,526
speech,527
speech,528
speech,529
speech,530
speech,531
speech,532
speech,533
speech,534
speech,535
speech,536
speech,537
speech,538
speech,539
speech,540
speech,541
speech,542
speech,543
speech,544
speech,545
music,546
music,547
music,548
music,549
music,550
music,551
music,552
music,553
music,554
music,555
music,556
music,557
music,558
music,559
music,560
music,561
music,562
music,563
music,564
music,565
music,566
music,567
music,568
music,569
music,570
music,571
music,572
music,573
music,574
music,575
music,576
music,577
music,578
music,579
music,580
music,581
music,582
music,583
music,584
music,585
music,586
music,587
music,588
music,589
music,590
music,591
music,592
music,593
music,594
music,595
music,596
music,597
music,598
music,599
music,600
music,601
music,602
music,603
music,604
music,605
music,606
music,607
music,608
music,609
music,610
music,611
music,612
music,613
music,614
music,615
music,616
music,617
music,618
music,619
music,620
music,621
music,622
music,623
music,624
music,625
music,626
music,627
music,628
music,629
music,630
music,631
music,632
music,633
music,634
music,635
music,636
music,637
music,638
music,639
music,640
music,641
music,642
music,643
music,644
music,645
music,646
music,647
music,648
music,649
music,650
music,651
music,652
music,653
music,654
music,655
music,656
music,657
music,658
music,659
music,660
music,661
music,662
music,663
music,664
music,665
music,666
music,667
music,668
music,669
music,670
music,671
music,672
music,673
music,674
music,675
music,676
music,677
music,678
music,679
music,680
music,681
music,682
music,683
music,684
music,685
music,686
music,687
music,688
music,689
music,690
music,691
music,692
music,693
music,694
music,695
music,696
music,697
music,698
music,699
music,700
music,701
music,702
music,703
music,704
music,705
music,706
music,707
music,708
music,709
music,710
music,711
music,712
music,713
music,714
music,715
music,716
music,717
music,718
music,719
music,720
music,721
music,722
music,723
music,724
music,725
music,726
music,727
music,728
music,729
music,730
music,731
music,732
music,733
music,734
music,735
music,736
music,737
music,738
music,739
music,740
music,741
music,742
music,743
music,744
music,745
music,746
music,747
music,748
music,749
music,750
music,751
music,752
music,753
music,754
music,755
music,756
music,757
music,758
music,759
music,760
music,761
music,762
music,763
music,764
music,765
music,766
music,767
music,768
music,769
music,770
music,771
music,772
music,773
music,774
music,775
music,776
music,777
music,778
music,779
music,780
music,781
music,782
music,783
music,784
music,785
music,786
music,787
music,788
music,789
music,790
music,791
music,792
music,793
music,794
music,795
music,796
music,797
music,798
music,799
music,800
music,801
music,802
music,803
music,804
music,805
music,806
music,807
music,808
music,809
music,810
music,811
music,812
music,813
music,814
music,815
music,816
music,817
music,818
music,819
music,820
music,821
music,822
music,823
music,824
music,825
music,826
music,827
music,828
music,829
music,830
music,831
music,832
music,833
music,834
music,835
music,836
music,837
music,838
music,839
music,840
music,841
music,842
music,843
music,844
music,845
music,846
music,847
music,848
music,849
music,850
music,851
music,852
music,853
music,854
music,855
music,856
music,857
music,858
music,859
music,860
music,861
music,862
music,863
music,864
music,865
music,866
music,867
music,868
music,869
music,870
music,871
music,872
music,873
music,874
music,875
music,876
music,877
music,878
music,879
music,880
music,881
music,882
music,883
music,884
music,885
music,886
music,887
music,888
music,889
music,890
music,891
music,892
speech,893
speech,894
speech,895
speech,896
speech,897
speech,898
speech,899
speech,900
speech,901
speech,902
speech,903
speech,904
speech,905
speech,906
speech,907
speech,908
speech,909
speech,910
speech,911
speech,912
speech,913
speech,914
speech,915
speech,916
speech,917
speech,918
speech,919
speech,920
speech,921
speech,922
speech,923
speech,924
speech,925
speech,926
speech,927
speech,928
speech,929
speech,930
speech,931
speech,932
speech,933
speech,934
speech,935
music,936
music,937
music,938
music,939
music,940
music,941
music,942
music,943
music,944
music,945
music,946
music,947
music,948
music,949
music,950
music,951
music,952
music,953
music,954
music,955
music,956
music,957
music,958
music,959
music,960
music,961
music,962
music,963
music,964
music,965
music,966
music,967
music,968
music,969
music,970
music,971
music,972
music,973
music,974
music,975
music,976
music,977
music,978
music,979
music,980
music,981
music,982
music,983
music,984
music,985
music,986
music,987
music,988
music,989
music,990
music,991
music,992
music,993
music,994
music,995
music,996
music,997
music,998
music,999
music,1000
music,1001
music,1002
music,1003
music,1004
music,1005
music,1006
music,1007
music,1008
music,1009
music,1010
music,1011
music,1012
music,1013
music,1014
music,1015
music,1016
music,1017
music,1018
music,1019
music,1020
music,1021
music,1022
music,1023
music,1024
music,1025
music,1026
music,1027
music,1028
music,1029
music,1030
music,1031
music,1032
music,1033
music,1034
music,1035
music,1036
music,1037
music,1038
music,1039
music,1040
music,1041
music,1042
music,1043
music,1044
music,1045
music,1046
music,1047
music,1048
music,1049
music,1050
music,1051
music,1052
music,1053
music,1054
music,1055
music,1056
music,1057
music,1058
music,1059
music,1060
music,1061
music,1062
music,1063
music,1064
music,1065
music,1066
music,1067
music,1068
music,1069
music,1070
music,1071
music,1072
music,1073
music,1074
music,1075
music,1076
music,1077
music,1078
music,1079
music,1080
music,1081
music,1082
music,1083
music,1084
music,1085
music,1086
music,1087
music,1088
music,1089
music,1090
music,1091
music,1092
music,1093
music,1094
music,1095
music,1096
music,1097
music,1098
music,1099
music,1100
music,1101
music,1102
music,1103
music,1104
music,1105
music,1106
music,1107
music,1108
music,1109
music,1110
music,1111
music,1112
music,1113
music,1114
music,1115
music,1116
music,1117
music,1118
music,1119
music,1120
music,1121
music,1122
music,1123
music,1124
music,1125
music,1126
music,1127
music,1128
music,1129
music,1130
music,1131
music,1132
music,1133
music,1134
music,1135
music,1136
music,1137
music,1138
music,1139
music,1140
music,1141
music,1142
music,1143
music,1144
music,1145
music,1146
music,1147
music,1148
music,1149
music,1150
music,1151
music,1152
music,1153
music,1154
music,1155
music,1156
music,1157
music,1158
music,1159
music,1160
music,1161
music,1162
music,1163
music,1164
music,1165
music,1166
music,1167
music,1168
music,1169
music,1170
music,1171
music,1172
music,1173
music,1174
music,1175
speech,1176
speech,1177
speech,1178
speech,1179
speech,1180
speech,1181
speech,1182
speech,1183
speech,1184
speech,1185
speech,1186
speech,1187
speech,1188
speech,1189
speech,1190
speech,1191
speech,1192
speech,1193
speech,1194
speech,1195
speech,1196
speech,1197
speech,1198
speech,1199
speech,1200
speech,1201
speech,1202
speech,1203
speech,1204
speech,1205
speech,1206
speech,1207
speech,1208
speech,1209
speech,1210
speech,1211
speech,1212
speech,1213
speech,1214
speech,1215
speech,1216
speech,1217
speech,1218
speech,1219
speech,1220
speech,1221
speech,1222
speech,1223
speech,1224
speech,1225
speech,1226
speech,1227
speech,1228
speech,1229
music,1230
music,1231
music,1232
music,1233
music,1234
music,1235
music,1236
music,1237
music,1238
music,1239
music,1240
music,1241
music,1242
music,1243
music,1244
music,1245
music,1246
music,1247
music,1248
music,1249
music,1250
music,1251
music,1252
music,1253
music,1254
music,1255
music,1256
music,1257
music,1258
music,1259
music,1260
music,1261
music,1262
music,1263
music,1264
music,1265
music,1266
music,1267
music,1268
music,1269
music,1270
music,1271
music,1272
music,1273
music,1274
music,1275
music,1276
music,1277
music,1278
music,1279
music,1280
music,1281
music,1282
music,1283
music,1284
music,1285
music,1286
music,1287
music,1288
music,1289
music,1290
music,1291
music,1292
music,1293
music,1294
music,1295
music,1296
music,1297
music,1298
music,1299
music,1300
music,1301
music,1302
music,1303
music,1304
music,1305
music,1306
music,1307
music,1308
music,1309
music,1310
music,1311
music,1312
music,1313
music,1314
music,1315
music,1316
music,1317
music,1318
music,1319
music,1320
music,1321
music,1322
music,1323
music,1324
music,1325
music,1326
music,1327
music,1328
music,1329
music,1330
music,1331
music,1332
music,1333
music,1334
music,1335
music,1336
music,1337
music,1338
music,1339
music,1340
music,1341
music,1342
music,1343
music,1344
music,1345
music,1346
music,1347
music,1348
music,1349
music,1350
music,1351
music,1352
music,1353
music,1354
music,1355
music,1356
music,1357
music,1358
music,1359
music,1360
music,1361
music,1362
music,1363
music,1364
music,1365
music,1366
music,1367
music,1368
music,1369
music,1370
music,1371
music,1372
music,1373
music,1374
music,1375
music,1376
music,1377
music,1378
music,1379
music,1380
music,1381
music,1382
music,1383
music,1384
music,1385
music,1386
music,1387
music,1388
music,1389
music,1390
music,1391
music,1392
music,1393
music,1394
music,1395
music,1396
music,1397
music,1398
music,1399
music,1400
music,1401
music,1402
music,1403
music,1404
music,1405
music,1406
music,1407
music,1408
music,1409
music,1410
music,1411
music,1412
music,1413
music,1414
music,1415
music,1416
music,1417
music,1418
music,1419
music,1420
music,1421
music,1422
music,1423
music,1424
music,1425
music,1426
music,1427
music,1428
music,1429
music,1430
music,1431
music,1432
music,1433
music,1434
music,1435
music,1436
music,1437
music,1438
music,1439
music,1440
music,1441
music,1442
music,1443
music,1444
music,1445
music,1446
music,1447
music,1448
music,1449
music,1450
music,1451
music,1452
music,1453
music,1454
music,1455
music,1456
music,1457
music,1458
music,1459
music,1460
music,1461
music,1462
music,1463
music,1464
music,1465
music,1466
music,1467
music,1468
music,1469
music,1470
music,1471
music,1472
music,1473
music,1474
music,1475
music,1476
music,1477
music,1478
music,1479
music,1480
music,1481
music,1482
music,1483
music,1484
music,1485
music,1486
music,1487
music,1488
music,1489
music,1490
music,1491
speech,1492
speech,1493
speech,1494
speech,1495
speech,1496
speech,1497
speech,1498
speech,1499
speech,1500
speech,1501
speech,1502
speech,1503
speech,1504
speech,1505
speech,1506
speech,1507
speech,1508
speech,1509
speech,1510
speech,1511
speech,1512
speech,1513
speech,1514
speech,1515
speech,1516
speech,1517
speech,1518
speech,1519
speech,1520
speech,1521
speech,1522
speech,1523
speech,1524
speech,1525
speech,1526
speech,1527
speech,1528
speech,1529
speech,1530
speech,1531
speech,1532
speech,1533
speech,1534
speech,1535
speech,1536
speech,1537
speech,1538
speech,1539
speech,1540
music,1541
music,1542
music,1543
music,1544
music,1545
music,1546
music,1547
music,1548
music,1549
music,1550
music,1551
music,1552
music,1553
music,1554
music,1555
music,1556
music,1557
music,1558
music,1559
music,1560
music,1561
music,1562
music,1563
music,1564
music,1565
music,1566
music,1567
music,1568
music,1569
music,1570
music,1571
music,1572
music,1573
music,1574
music,1575
music,1576
music,1577
music,1578
music,1579
music,1580
music,1581
music,1582
music,1583
music,1584
music,1585
music,1586
music,1587
music,1588
music,1589
music,1590
music,1591
music,1592
music,1593
music,1594
music,1595
music,1596
music,1597
music,1598
music,1599
music,1600
music,1601
music,1602
music,1603
music,1604
music,1605
music,1606
music,1607
music,1608
music,1609
music,1610
music,1611
music,1612
music,1613
music,1614
music,1615
music,1616
music,1617
music,1618
music,1619
music,1620
music,1621
music,1622
music,1623
music,1624
music,1625
music,1626
music,1627
music,1628
music,1629
music,1630
music,1631
music,1632
music,1633
music,1634
music,1635
music,1636
music,1637
music,1638
music,1639
music,1640
music,1641
music,1642
music,1643
music,1644
music,1645
music,1646
music,1647
music,1648
music,1649
music,1650
music,1651
music,1652
music,1653
music,1654
music,1655
music,1656
music,1657
music,1658
music,1659
music,1660
music,1661
music,1662
music,1663
music,1664
music,1665
music,1666
music,1667
music,1668
music,1669
music,1670
music,1671
music,1672
music,1673
music,1674
music,1675
music,1676
music,1677
music,1678
music,1679
music,1680
music,1681
music,1682
music,1683
music,1684
music,1685
music,1686
music,1687
music,1688
music,1689
music,1690
music,1691
music,1692
music,1693
music,1694
music,1695
music,1696
music,1697
music,1698
music,1699
music,1700
music,1701
music,1702
music,1703
music,1704
music,1705
music,1706
music,1707
music,1708
music,1709
music,1710
music,1711
music,1712
music,1713
music,1714
music,1715
music,1716
music,1717
music,1718
music,1719
music,1720
music,1721
music,1722
music,1723
music,1724
music,1725
music,1726
music,1727
music,1728
music,1729
music,1730
music,1731
music,1732
music,1733
music,1734
music,1735
music,1736
music,1737
music,1738
music,1739
music,1740
music,1741
music,1742
music,1743
music,1744
music,1745
music,1746
music,1747
music,1748
music,1749
music,1750
music,1751
music,1752
music,1753
music,1754
music,1755
music,1756
music,1757
music,1758
music,1759
music,1760
music,1761
music,1762
music,1763
music,1764
music,1765
music,1766
music,1767
music,1768
music,1769
music,1770
music,1771
music,1772
music,1773
music,1774
music,1775
music,1776
music,1777
music,1778
music,1779
music,1780
music,1781
music,1782
music,1783
music,1784
music,1785
music,1786
music,1787
music,1788
music,1789
music,1790
music,1791
music,1792
music,1793
music,1794
music,1795
music,1796
music,1797
music,1798
music,1799
music,1800
music,1801
music,1802
music,1803
music,1804
speech,1805
speech,1806
speech,1807
speech,1808
speech,1809
speech,1810
speech,1811
speech,1812
speech,1813
speech,1814
speech,1815
speech,1816
speech,1817
speech,1818
speech,1819
speech,1820
speech,1821
speech,1822
speech,1823
speech,1824
speech,1825
speech,1826
speech,1827
speech,1828
speech,1829
speech,1830
speech,1831
speech,1832
speech,1833
speech,1834
speech,1835
speech,1836
speech,1837
speech,1838
speech,1839
speech,1840
speech,1841
speech,1842
speech,1843
speech,1844
speech,1845
speech,1846
speech,1847
speech,1848
speech,1849
speech,1850
speech,1851
speech,1852
speech,1853
speech,1854
speech,1855
speech,1856
speech,1857
speech,1858
speech,1859
music,1860
music,1861
music,1862
music,1863
music,1864
music,1865
music,1866
music,1867
music,1868
music,1869
music,1870
music,1871
music,1872
music,1873
music,1874
music,1875
music,1876
music,1877
music,1878
music,1879
music,1880
music,1881
music,1882
music,1883
music,1884
music,1885
music,1886
music,1887
music,1888
music,1889
music,1890
music,1891
music,1892
music,1893
music,1894
music,1895
music,1896
music,1897
music,1898
music,1899
music,1900
music,1901
music,1902
music,1903
music,1904
music,1905
music,1906
music,1907
music,1908
music,1909
music,1910
music,1911
music,1912
music,1913
music,1914
music,1915
music,1916
music,1917
music,1918
music,1919
music,1920
music,1921
music,1922
music,1923
music,1924
music,1925
music,1926
music,1927
music,1928
music,1929
music,1930
music,1931
music,1932
music,1933
music,1934
music,1935
music,1936
music,1937
music,1938
music,1939
music,1940
music,1941
music,1942
music,1943
music,1944
music,1945
music,1946
music,1947
music,1948
music,1949
music,1950
music,1951
music,1952
music,1953
music,1954
music,1955
music,1956
music,1957
music,1958
music,1959
music,1960
music,1961
music,1962
music,1963
music,1964
music,1965
music,1966
music,1967
music,1968
music,1969
music,1970
music,1971
music,1972
music,1973
music,1974
music,1975
music,1976
music,1977
music,1978
music,1979
music,1980
music,1981
music,1982
music,1983
music,1984
music,1985
music,1986
music,1987
music,1988
music,1989
music,1990
music,1991
music,1992
music,1993
music,1994
music,1995
music,1996
music,1997
music,1998
music,1999
music,2000
music,2001
music,2002
music,2003
music,2004
music,2005
music,2006
music,2007
music,2008
music,2009
music,2010
music,2011
music,2012
music,2013
music,2014
music,2015
music,2016
music,2017
music,2018
music,2019
music,2020
music,2021
music,2022
music,2023
music,2024
music,2025
music,2026
music,2027
music,2028
music,2029
music,2030
music,2031
music,2032
music,2033
music,2034
music,2035
music,2036
music,2037
music,2038
music,2039
music,2040
music,2041
music,2042
music,2043
music,2044
music,2045
music,2046
music,2047
music,2048
music,2049
music,2050
music,2051
music,2052
music,2053
music,2054
music,2055
music,2056
music,2057
music,2058
music,2059
music,2060
music,2061
music,2062
music,2063
music,2064
music,2065
music,2066
music,2067
music,2068
music,2069
music,2070
music,2071
music,2072
music,2073
music,2074
music,2075
music,2076
music,2077
music,2078
music,2079
music,2080
music,2081
music,2082
music,2083
music,2084
music,2085
music,2086
music,2087
music,2088
music,2089
music,2090
music,2091
music,2092
music,2093
speech,2094
speech,2095
speech,2096
speech,2097
speech,2098
speech,2099
speech,2100
speech,2101
speech,2102
speech,2103
speech,2104
speech,2105
speech,2106
speech,2107
speech,2108
speech,2109
speech,2110
speech,2111
speech,2112
speech,2113
speech,2114
speech,2115
speech,2116
speech,2117
speech,2118
speech,2119
speech,2120
speech,2121
speech,2122
speech,2123
speech,2124
speech,2125
speech,2126
speech,2127
speech,2128
speech,2129
speech,2130
speech,2131
speech,2132
speech,2133
speech,2134
speech,2135
speech,2136
speech,2137
music,2138
music,2139
music,2140
music,2141
music,2142
music,2143
music,2144
music,2145
music,2146
music,2147
music,2148
music,2149
music,2150
music,2151
music,2152
music,2153
music,2154
music,2155
music,2156
music,2157
music,2158
music,2159
music,2160
music,2161
music,2162
music,2163
music,2164
music,2165
music,2166
music,2167
music,2168
music,2169
music,2170
music,2171
music,2172
music,2173
music,2174
music,2175
music,2176
music,2177
music,2178
music,2179
music,2180
music,2181
music,2182
music,2183
music,2184
music,2185
music,2186
music,2187
music,2188
music,2189
music,2190
music,2191
music,2192
music,2193
music,2194
music,2195
music,2196
music,2197
music,2198
music,2199
music,2200
music,2201
music,2202
music,2203
music,2204
music,2205
music,2206
music,2207
music,2208
music,2209
music,2210
music,2211
music,2212
music,2213
music,2214
music,2215
music,2216
music,2217
music,2218
music,2219
music,2220
music,2221
music,2222
music,2223
music,2224
music,2225
music,2226
music,2227
music,2228
music,2229
music,2230
music,2231
music,2232
music,2233
music,2234
music,2235
music,2236
music,2237
music,2238
music,2239
music,2240
music,2241
music,2242
music,2243
music,2244
music,2245
music,2246
music,2247
music,2248
music,2249
music,2250
music,2251
music,2252
music,2253
music,2254
music,2255
music,2256
music,2257
music,2258
music,2259
music,2260
music,2261
music,2262
music,2263
music,2264
music,2265
music,2266
music,2267
music,2268
music,2269
music,2270
music,2271
music,2272
music,2273
music,2274
music,2275
music,2276
music,2277
music,2278
music,2279
music,2280
music,2281
music,2282
music,2283
music,2284
music,2285
music,2286
music,2287
music,2288
music,2289
music,2290
music,2291
music,2292
music,2293
music,2294
music,2295
music,2296
music,2297
music,2298
music,2299
music,2300
music,2301
music,2302
music,2303
music,2304
music,2305
music,2306
music,2307
music,2308
music,2309
music,2310
music,2311
music,2312
music,2313
music,2314
music,2315
music,2316
music,2317
music,2318
music,2319
music,2320
music,2321
music,2322
music,2323
music,2324
music,2325
music,2326
music,2327
music,2328
music,2329
music,2330
music,2331
music,2332
music,2333
music,2334
music,2335
music,2336
music,2337
music,2338
music,2339
music,2340
music,2341
music,2342
music,2343
music,2344
music,2345
music,2346
music,2347
music,2348
music,2349
music,2350
music,2351
music,2352
music,2353
music,2354
music,2355
music,2356
music,2357
music,2358
music,2359
music,2360
music,2361
music,2362
music,2363
music,2364
music,2365
music,2366
music,2367
music,2368
music,2369
music,2370
music,2371
music,2372
music,2373
music,2374
music,2375
music,2376
music,2377
music,2378
music,2379
music,2380
music,2381
music,2382
music,2383
music,2384
music,2385
music,2386
music,2387
music,2388
music,2389
music,2390
music,2391
music,2392
music,2393
music,2394
music,2395
music,2396
music,2397
music,2398
music,2399
music,2400
music,2401
music,2402
music,2403
music,2404
music,2405
music,2406
music,2407
music,2408
music,2409
music,2410
music,2411
music,2412
music,2413
music,2414
music,2415
music,2416
music,2417
music,2418
music,2419
music,2420
music,2421
music,2422
music,2423
music,2424
music,2425
music,2426
music,2427
music,2428
music,2429
music,2430
music,2431
music,2432
music,2433
music,2434
music,2435
music,2436
music,2437
music,2438
music,2439
music,2440
music,2441
music,2442
music,2443
music,2444
music,2445
music,2446
music,2447
music,2448
music,2449
music,2450
music,2451
music,2452
music,2453
music,2454
music,2455
music,2456
music,2457
music,2458
music,2459
music,2460
music,2461
music,2462
music,2463
music,2464
speech,2465
speech,2466
speech,2467
speech,2468
speech,2469
speech,2470
speech,2471
speech,2472
speech,2473
speech,2474
speech,2475
speech,2476
speech,2477
speech,2478
speech,2479
speech,2480
speech,2481
speech,2482
speech,2483
speech,2484
speech,2485
speech,2486
speech,2487
speech,2488
speech,2489
speech,2490
speech,2491
speech,2492
speech,2493
speech,2494
speech,2495
speech,2496
speech,2497
speech,2498
speech,2499
speech,2500
speech,2501
speech,2502
speech,2503
speech,2504
speech,2505
speech,2506
speech,2507
speech,2508
speech,2509
speech,2510
speech,2511
speech,2512
speech,2513
speech,2514
speech,2515
speech,2516
speech,2517
speech,2518
speech,2519
speech,2520
speech,2521
speech,2522
speech,2523
speech,2524
speech,2525
speech,2526
speech,2527
speech,2528
speech,2529
speech,2530
speech,2531
speech,2532
speech,2533
speech,2534
speech,2535
speech,2536
speech,2537
speech,2538
speech,2539
speech,2540
speech,2541
speech,2542
music,2543
music,2544
music,2545
music,2546
music,2547
music,2548
music,2549
music,2550
music,2551
music,2552
music,2553
music,2554
music,2555
music,2556
music,2557
music,2558
music,2559
music,2560
music,2561
music,2562
music,2563
music,2564
music,2565
music,2566
music,2567
music,2568
music,2569
music,2570
music,2571
music,2572
music,2573
music,2574
music,2575
music,2576
music,2577
music,2578
music,2579
music,2580
music,2581
music,2582
music,2583
music,2584
music,2585
music,2586
music,2587
music,2588
music,2589
music,2590
music,2591
music,2592
music,2593
music,2594
music,2595
music,2596
music,2597
music,2598
music,2599
music,2600
music,2601
music,2602
music,2603
music,2604
music,2605
music,2606
music,2607
music,2608
music,2609
music,2610
music,2611
music,2612
music,2613
music,2614
music,2615
music,2616
music,2617
music,2618
music,2619
music,2620
music,2621
music,2622
music,2623
music,2624
music,2625
music,2626
music,2627
music,2628
music,2629
music,2630
music,2631
music,2632
music,2633
music,2634
music,2635
music,2636
music,2637
music,2638
music,2639
music,2640
music,2641
music,2642
music,2643
music,2644
music,2645
music,2646
music,2647
music,2648
music,2649
music,2650
music,2651
music,2652
music,2653
music,2654
music,2655
music,2656
music,2657
music,2658
music,2659
music,2660
music,2661
music,2662
music,2663
music,2664
music,2665
music,2666
music,2667
music,2668
music,2669
music,2670
music,2671
music,2672
music,2673
music,2674
music,2675
music,2676
music,2677
music,2678
music,2679
music,2680
music,2681
music,2682
music,2683
music,2684
music,2685
music,2686
music,2687
music,2688
music,2689
music,2690
music,2691
music,2692
music,2693
music,2694
music,2695
music,2696
music,2697
music,2698
music,2699
music,2700
music,2701
music,2702
music,2703
music,2704
music,2705
music,2706
music,2707
music,2708
music,2709
music,2710
music,2711
music,2712
music,2713
music,2714
music,2715
music,2716
music,2717
music,2718
music,2719
music,2720
music,2721
music,2722
music,2723
music,2724
music,2725
music,2726
music,2727
music,2728
music,2729
music,2730
music,2731
music,2732
music,2733
music,2734
music,2735
music,2736
music,2737
music,2738
music,2739
music,2740
music,2741
music,2742
music,2743
music,2744
music,2745
music,2746
music,2747
music,2748
music,2749
music,2750
music,2751
music,2752
music,2753
music,2754
music,2755
music,2756
music,2757
music,2758
music,2759
music,2760
music,2761
music,2762
music,2763
music,2764
music,2765
music,2766
music,2767
music,2768
music,2769
music,2770
music,2771
music,2772
music,2773
music,2774
music,2775
music,2776
music,2777
music,2778
speech,2779
speech,2780
speech,2781
speech,2782
speech,2783
speech,2784
speech,2785
speech,2786
speech,2787
speech,2788
speech,2789
speech,2790
speech,2791
speech,2792
speech,2793
speech,2794
speech,2795
speech,2796
speech,2797
speech,2798
speech,2799
speech,2800
speech,2801
speech,2802
speech,2803
speech,2804
speech,2805
speech,2806
speech,2807
speech,2808
speech,2809
speech,2810
speech,2811
speech,2812
speech,2813
music,2814
music,2815
music,2816
music,2817
music,2818
music,2819
music,2820
music,2821
music,2822
music,2823
music,2824
music,2825
music,2826
music,2827
music,2828
music,2829
music,2830
music,2831
music,2832
music,2833
music,2834
music,2835
music,2836
music,2837
music,2838
music,2839
music,2840
music,2841
music,2842
music,2843
music,2844
music,2845
music,2846
music,2847
music,2848
music,2849
music,2850
music,2851
music,2852
music,2853
music,2854
music,2855
music,2856
music,2857
music,2858
music,2859
music,2860
music,2861
music,2862
music,2863
music,2864
music,2865
music,2866
music,2867
music,2868
music,2869
music,2870
music,2871
music,2872
music,2873
music,2874
music,2875
music,2876
music,2877
music,2878
music,2879
music,2880
music,2881
music,2882
music,2883
music,2884
music,2885
music,2886
music,2887
music,2888
music,2889
music,2890
music,2891
music,2892
music,2893
music,2894
music,2895
music,2896
music,2897
music,2898
music,2899
music,2900
music,2901
music,2902
music,2903
music,2904
music,2905
music,2906
music,2907
music,2908
music,2909
music,2910
music,2911
music,2912
music,2913
music,2914
music,2915
music,2916
music,2917
music,2918
music,2919
music,2920
music,2921
music,2922
music,2923
music,2924
music,2925
music,2926
music,2927
music,2928
music,2929
music,2930
music,2931
music,2932
music,2933
music,2934
music,2935
music,2936
music,2937
music,2938
music,2939
music,2940
music,2941
music,2942
music,2943
music,2944
music,2945
music,2946
music,2947
music,2948
music,2949
music,2950
music,2951
music,2952
music,2953
music,2954
music,2955
music,2956
music,2957
music,2958
music,2959
music,2960
music,2961
music,2962
music,2963
music,2964
music,2965
music,2966
music,2967
music,2968
music,2969
music,2970
music,2971
music,2972
music,2973
music,2974
music,2975
music,2976
music,2977
music,2978
music,2979
music,2980
music,2981
music,2982
music,2983
music,2984
music,2985
music,2986
music,2987
music,2988
music,2989
music,2990
music,2991
music,2992
music,2993
music,2994
music,2995
music,2996
music,2997
music,2998
music,2999
music,3000
music,3001
music,3002
music,3003
music,3004
music,3005
music,3006
music,3007
music,3008
music,3009
music,3010
music,3011
music,3012
music,3013
music,3014
music,3015
music,3016
music,3017
music,3018
music,3019
music,3020
music,3021
music,3022
music,3023
music,3024
music,3025
music,3026
music,3027
music,3028
music,3029
music,3030
music,3031
music,3032
music,3033
music,3034
music,3035
music,3036
music,3037
music,3038
music,3039
music,3040
music,3041
music,3042
music,3043
music,3044
music,3045
music,3046
music,3047
music,3048
music,3049
music,3050
music,3051
music,3052
music,3053
music,3054
music,3055
music,3056
music,3057
music,3058
music,3059
music,3060
speech,3061
speech,3062
speech,3063
speech,3064
speech,3065
speech,3066
speech,3067
speech,3068
speech,3069
speech,3070
speech,3071
speech,3072
speech,3073
speech,3074
speech,3075
speech,3076
speech,3077
speech,3078
speech,3079
speech,3080
speech,3081
speech,3082
speech,3083
speech,3084
speech,3085
speech,3086
speech,3087
speech,3088
speech,3089
speech,3090
speech,3091
speech,3092
speech,3093
speech,3094
speech,3095
speech,3096
speech,3097
speech,3098
speech,3099
speech,3100
speech,3101
speech,3102
speech,3103
speech,3104
speech,3105
speech,3106
speech,3107
speech,3108
speech,3109
speech,3110
speech,3111
speech,3112
speech,3113
speech,3114
speech,3115
speech,3116
speech,3117
speech,3118
speech,3119
speech,3120
speech,3121
speech,3122
speech,3123
music,3124
music,3125
music,3126
music,3127
music,3128
music,3129
music,3130
music,3131
music,3132
music,3133
music,3134
music,3135
music,3136
music,3137
music,3138
music,3139
music,3140
music,3141
music,3142
music,3143
music,3144
music,3145
music,3146
music,3147
music,3148
music,3149
music,3150
music,3151
music,3152
music,3153
music,3154
music,3155
music,3156
music,3157
music,3158
music,3159
music,3160
music,3161
music,3162
music,3163
music,3164
music,3165
music,3166
music,3167
music,3168
music,3169
music,3170
music,3171
music,3172
music,3173
music,3174
music,3175
music,3176
music,3177
music,3178
music,3179
music,3180
music,3181
music,3182
music,3183
music,3184
music,3185
music,3186
music,3187
music,3188
music,3189
music,3190
music,3191
music,3192
music,3193
music,3194
music,3195
music,3196
music,3197
music,3198
music,3199
music,3200
music,3201
music,3202
music,3203
music,3204
music,3205
music,3206
music,3207
music,3208
music,3209
music,3210
music,3211
music,3212
music,3213
music,3214
music,3215
music,3216
music,3217
music,3218
music,3219
music,3220
music,3221
music,3222
music,3223
music,3224
music,3225
music,3226
music,3227
music,3228
music,3229
music,3230
music,3231
music,3232
music,3233
music,3234
music,3235
music,3236
music,3237
music,3238
music,3239
music,3240
music,3241
music,3242
music,3243
music,3244
music,3245
music,3246
music,3247
music,3248
music,3249
music,3250
music,3251
music,3252
music,3253
music,3254
music,3255
music,3256
music,3257
music,3258
music,3259
music,3260
music,3261
music,3262
music,3263
music,3264
music,3265
music,3266
music,3267
music,3268
music,3269
music,3270
music,3271
music,3272
music,3273
music,3274
music,3275
music,3276
music,3277
music,3278
music,3279
music,3280
music,3281
music,3282
music,3283
music,3284
music,3285
music,3286
music,3287
music,3288
music,3289
music,3290
music,3291
music,3292
music,3293
music,3294
music,3295
music,3296
music,3297
music,3298
music,3299
music,3300
music,3301
music,3302
music,3303
music,3304
music,3305
music,3306
music,3307
music,3308
music,3309
music,3310
music,3311
music,3312
music,3313
music,3314
music,3315
music,3316
music,3317
music,3318
music,3319
music,3320
music,3321
music,3322
music,3323
music,3324
music,3325
music,3326
music,3327
music,3328
music,3329
music,3330
music,3331
music,3332
music,3333
music,3334
music,3335
music,3336
music,3337
music,3338
music,3339
music,3340
music,3341
music,3342
music,3343
music,3344
music,3345
music,3346
music,3347
music,3348
music,3349
music,3350
music,3351
music,3352
music,3353
music,3354
music,3355
music,3356
music,3357
music,3358
music,3359
music,3360
music,3361
music,3362
music,3363
music,3364
music,3365
music,3366
music,3367
music,3368
music,3369
music,3370
music,3371
music,3372
music,3373
music,3374
music,3375
music,3376
music,3377
music,3378
music,3379
music,3380
music,3381
music,3382
music,3383
music,3384
music,3385
music,3386
music,3387
music,3388
music,3389
music,3390
music,3391
music,3392
music,3393
music,3394
music,3395
music,3396
music,3397
music,3398
music,3399
music,3400
music,3401
music,3402
music,3403
music,3404
music,3405
music,3406
music,3407
music,3408
music,3409
music,3410
music,3411
music,3412
music,3413
music,3414
music,3415
music,3416
music,3417
music,3418
music,3419
music,3420
music,3421
music,3422
music,3423
music,3424
music,3425
music,3426
music,3427
music,3428
music,3429
music,3430
music,3431
music,3432
music,3433
music,3434
music,3435
music,3436
music,3437
speech,3438
speech,3439
speech,3440
speech,3441
speech,3442
speech,3443
speech,3444
speech,3445
speech,3446
speech,3447
speech,3448
speech,3449
speech,3450
speech,3451
speech,3452
speech,3453
speech,3454
speech,3455
speech,3456
speech,3457
speech,3458
speech,3459
speech,3460
speech,3461
speech,3462
speech,3463
speech,3464
speech,3465
speech,3466
speech,3467
speech,3468
speech,3469
speech,3470
speech,3471
speech,3472
speech,3473
speech,3474
speech,3475
speech,3476
speech,3477
speech,3478
speech,3479
speech,3480
speech,3481
speech,3482
speech,3483
speech,3484
speech,3485
speech,3486
speech,3487
speech,3488
speech,3489
speech,3490
speech,3491
speech,3492
speech,3493
speech,3494
speech,3495
speech,3496
speech,3497
speech,3498
speech,3499
speech,3500
speech,3501
speech,3502
speech,3503
speech,3504
speech,3505
speech,3506
speech,3507
speech,3508
speech,3509
speech,3510
speech,3511
speech,3512
speech,3513
speech,3514
music,3515
music,3516
music,3517
music,3518
music,3519
music,3520
music,3521
music,3522
music,3523
music,3524
music,3525
music,3526
music,3527
music,3528
music,3529
music,3530
music,3531
music,3532
music,3533
music,3534
music,3535
music,3536
music,3537
music,3538
music,3539
music,3540
music,3541
music,3542
music,3543
music,3544
music,3545
music,3546
music,3547
music,3548
music,3549
music,3550
music,3551
music,3552
music,3553
music,3554
music,3555
music,3556
music,3557
music,3558
music,3559
music,3560
music,3561
music,3562
music,3563
music,3564
music,3565
music,3566
music,3567
music,3568
music,3569
music,3570
music,3571
music,3572
music,3573
music,3574
music,3575
music,3576
music,3577
music,3578
music,3579
music,3580
music,3581
music,3582
music,3583
music,3584
music,3585
music,3586
music,3587
music,3588
music,3589
music,3590
music,3591
music,3592
music,3593
music,3594
music,3595
music,3596
music,3597
music,3598
music,3599
music,3600
music,3601
music,3602
music,3603
music,3604
music,3605
music,3606
music,3607
music,3608
music,3609
music,3610
music,3611
music,3612
music,3613
music,3614
music,3615
music,3616
music,3617
music,3618
music,3619
music,3620
music,3621
music,3622
music,3623
music,3624
music,3625
music,3626
music,3627
music,3628
music,3629
music,3630
music,3631
music,3632
music,3633
music,3634
music,3635
music,3636
music,3637
music,3638
music,3639
music,3640
music,3641
music,3642
music,3643
music,3644
music,3645
music,3646
music,3647
music,3648
music,3649
music,3650
music,3651
music,3652
music,3653
music,3654
music,3655
music,3656
music,3657
music,3658
music,3659
music,3660
music,3661
music,3662
music,3663
music,3664
music,3665
music,3666
music,3667
music,3668
music,3669
music,3670
music,3671
music,3672
music,3673
music,3674
music,3675
music,3676
music,3677
music,3678
music,3679
music,3680
music,3681
music,3682
music,3683
music,3684
music,3685
music,3686
music,3687
music,3688
music,3689
music,3690
music,3691
music,3692
music,3693
music,3694
music,3695
music,3696
music,3697
music,3698
music,3699
music,3700
music,3701
music,3702
music,3703
music,3704
music,3705
music,3706
music,3707
music,3708
music,3709
music,3710
music,3711
music,3712
music,3713
music,3714
music,3715
music,3716
music,3717
music,3718
music,3719
music,3720
music,3721
music,3722
music,3723
music,3724
music,3725
music,3726
music,3727
music,3728
music,3729
music,3730
music,3731
music,3732
music,3733
music,3734
music,3735
music,3736
music,3737
music,3738
music,3739
music,3740
music,3741
music,3742
music,3743
music,3744
music,3745
music,3746
music,3747
music,3748
music,3749
music,3750
music,3751
speech,3752
speech,3753
speech,3754
speech,3755
speech,3756
speech,3757
speech,3758
speech,3759
speech,3760
speech,3761
speech,3762
speech,3763
speech,3764
speech,3765
speech,3766
speech,3767
speech,3768
speech,3769
speech,3770
speech,3771
speech,3772
speech,3773
speech,3774
speech,3775
speech,3776
speech,3777
speech,3778
speech,3779
speech,3780
speech,3781
speech,3782
speech,3783
speech,3784
speech,3785
speech,3786
speech,3787
speech,3788
speech,3789
speech,3790
speech,3791
speech,3792
speech,3793
speech,3794
speech,3795
speech,3796
speech,3797
music,3798
music,3799
music,3800
music,3801
music,3802
music,3803
music,3804
music,3805
music,3806
music,3807
music,3808
music,3809
music,3810
music,3811
music,3812
music,3813
music,3814
music,3815
music,3816
music,3817
music,3818
music,3819
music,3820
music,3821
music,3822
music,3823
music,3824
music,3825
music,3826
music,3827
music,3828
music,3829
music,3830
music,3831
music,3832
music,3833
music,3834
music,3835
music,3836
music,3837
music,3838
music,3839
music,3840
music,3841
music,3842
music,3843
music,3844
music,3845
music,3846
music,3847
music,3848
music,3849
music,3850
music,3851
music,3852
music,3853
music,3854
music,3855
music,3856
music,3857
music,3858
music,3859
music,3860
music,3861
music,3862
music,3863
music,3864
music,3865
music,3866
music,3867
music,3868
music,3869
music,3870
music,3871
music,3872
music,3873
music,3874
music,3875
music,3876
music,3877
music,3878
music,3879
music,3880
music,3881
music,3882
music,3883
music,3884
music,3885
music,3886
music,3887
music,3888
music,3889
music,3890
music,3891
music,3892
music,3893
music,3894
music,3895
music,3896
music,3897
music,3898
music,3899
music,3900
music,3901
music,3902
music,3903
music,3904
music,3905
music,3906
music,3907
music,3908
music,3909
music,3910
music,3911
music,3912
music,3913
music,3914
music,3915
music,3916
music,3917
music,3918
music,3919
music,3920
music,3921
music,3922
music,3923
music,3924
music,3925
music,3926
music,3927
music,3928
music,3929
music,3930
music,3931
music,3932
music,3933
music,3934
music,3935
music,3936
music,3937
music,3938
music,3939
music,3940
music,3941
music,3942
music,3943
music,3944
music,3945
music,3946
music,3947
music,3948
music,3949
music,3950
music,3951
music,3952
music,3953
music,3954
music,3955
music,3956
music,3957
music,3958
music,3959
music,3960
music,3961
music,3962
music,3963
music,3964
music,3965
music,3966
music,3967
music,3968
music,3969
music,3970
music,3971
music,3972
music,3973
music,3974
music,3975
music,3976
music,3977
music,3978
music,3979
music,3980
music,3981
music,3982
music,3983
music,3984
music,3985
music,3986
music,3987
music,3988
music,3989
music,3990
music,3991
music,3992
music,3993
music,3994
music,3995
music,3996
music,3997
music,3998
music,3999
music,4000
music,4001
music,4002
music,4003
music,4004
music,4005
music,4006
music,4007
music,4008
music,4009
music,4010
music,4011
music,4012
music,4013
music,4014
music,4015
speech,4016
speech,4017
speech,4018
speech,4019
speech,4020
speech,4021
speech,4022
speech,4023
speech,4024
speech,4025
speech,4026
speech,4027
speech,4028
speech,4029
speech,4030
speech,4031
speech,4032
speech,4033
speech,4034
speech,4035
speech,4036
speech,4037
speech,4038
speech,4039
speech,4040
speech,4041
speech,4042
speech,4043
speech,4044
speech,4045
speech,4046
speech,4047
speech,4048
speech,4049
speech,4050
speech,4051
speech,4052
speech,4053
speech,4054
speech,4055
speech,4056
speech,4057
speech,4058
speech,4059
speech,4060
speech,4061
speech,4062
speech,4063
speech,4064
speech,4065
speech,4066
speech,4067
music,4068
music,4069
music,4070
music,4071
music,4072
music,4073
music,4074
music,4075
music,4076
music,4077
music,4078
music,4079
music,4080
music,4081
music,4082
music,4083
music,4084
music,4085
music,4086
music,4087
music,4088
music,4089
music,4090
music,4091
music,4092
music,4093
music,4094
music,4095
music,4096
music,4097
music,4098
music,4099
music,4100
music,4101
music,4102
music,4103
music,4104
music,4105
music,4106
music,4107
music,4108
music,4109
music,4110
music,4111
music,4112
music,4113
music,4114
music,4115
music,4116
music,4117
music,4118
music,4119
music,4120
music,4121
music,4122
music,4123
music,4124
music,4125
music,4126
music,4127
music,4128
music,4129
music,4130
music,4131
music,4132
music,4133
music,4134
music,4135
music,4136
music,4137
music,4138
music,4139
music,4140
music,4141
music,4142
music,4143
music,4144
music,4145
music,4146
music,4147
music,4148
music,4149
music,4150
music,4151
music,4152
music,4153
music,4154
music,4155
music,4156
music,4157
music,4158
music,4159
music,4160
music,4161
music,4162
music,4163
music,4164
music,4165
music,4166
music,4167
music,4168
music,4169
music,4170
music,4171
music,4172
music,4173
music,4174
music,4175
music,4176
music,4177
music,4178
music,4179
music,4180
music,4181
music,4182
music,4183
music,4184
music,4185
music,4186
music,4187
music,4188
music,4189
music,4190
music,4191
music,4192
music,4193
music,4194
music,4195
music,4196
music,4197
music,4198
music,4199
music,4200
music,4201
music,4202
music,4203
music,4204
music,4205
music,4206
music,4207
music,4208
music,4209
music,4210
music,4211
music,4212
music,4213
music,4214
music,4215
music,4216
music,4217
music,4218
music,4219
music,4220
music,4221
music,4222
music,4223
music,4224
music,4225
music,4226
music,4227
music,4228
music,4229
music,4230
music,4231
music,4232
music,4233
music,4234
music,4235
music,4236
music,4237
music,4238
music,4239
music,4240
music,4241
music,4242
music,4243
music,4244
music,4245
music,4246
music,4247
music,4248
music,4249
music,4250
music,4251
music,4252
music,4253
music,4254
music,4255
music,4256
music,4257
music,4258
music,4259
music,4260
music,4261
music,4262
music,4263
music,4264
music,4265
music,4266
music,4267
music,4268
music,4269
music,4270
music,4271
music,4272
music,4273
music,4274
music,4275
music,4276
music,4277
music,4278
music,4279
music,4280
music,4281
music,4282
music,4283
music,4284
music,4285
music,4286
music,4287
music,4288
music,4289
music,4290
music,4291
music,4292
music,4293
music,4294
music,4295
music,4296
music,4297
music,4298
music,4299
music,4300
music,4301
music,4302
music,4303
music,4304
music,4305
music,4306
music,4307
music,4308
music,4309
music,4310
music,4311
music,4312
music,4313
music,4314
music,4315
music,4316
music,4317
music,4318
music,4319
music,4320
music,4321
music,4322
music,4323
music,4324
music,4325
music,4326
music,4327
music,4328
music,4329
music,4330
music,4331
music,4332
music,4333
music,4334
music,4335
music,4336
music,4337
music,4338
music,4339
music,4340
music,4341
music,4342
music,4343
music,4344
music,4345
music,4346
music,4347
music,4348
music,4349
music,4350
music,4351
music,4352
music,4353
music,4354
music,4355
music,4356
music,4357
music,4358
music,4359
music,4360
music,4361
music,4362
music,4363
music,4364
music,4365
music,4366
music,4367
music,4368
music,4369
music,4370
music,4371
music,4372
music,4373
music,4374
music,4375
music,4376
music,4377
music,4378
music,4379
music,4380
music,4381
music,4382
music,4383
music,4384
music,4385
music,4386
music,4387
music,4388
music,4389
speech,4390
speech,4391
speech,4392
speech,4393
speech,4394
speech,4395
speech,4396
speech,4397
speech,4398
speech,4399
speech,4400
speech,4401
speech,4402
speech,4403
speech,4404
speech,4405
speech,4406
speech,4407
speech,4408
speech,4409
speech,4410
speech,4411
speech,4412
speech,4413
speech,4414
speech,4415
speech,4416
speech,4417
speech,4418
speech,4419
speech,4420
speech,4421
speech,4422
speech,4423
speech,4424
speech,4425
speech,4426
speech,4427
music,4428
music,4429
music,4430
music,4431
music,4432
music,4433
music,4434
music,4435
music,4436
music,4437
music,4438
music,4439
music,4440
music,4441
music,4442
music,4443
music,4444
music,4445
music,4446
music,4447
music,4448
music,4449
music,4450
music,4451
music,4452
music,4453
music,4454
music,4455
music,4456
music,4457
music,4458
music,4459
music,4460
music,4461
music,4462
music,4463
music,4464
music,4465
music,4466
music,4467
music,4468
music,4469
music,4470
music,4471
music,4472
music,4473
music,4474
music,4475
music,4476
music,4477
music,4478
music,4479
music,4480
music,4481
music,4482
music,4483
music,4484
music,4485
music,4486
music,4487
music,4488
music,4489
music,4490
music,4491
music,4492
music,4493
music,4494
music,4495
music,4496
music,4497
music,4498
music,4499
music,4500
music,4501
music,4502
music,4503
music,4504
music,4505
music,4506
music,4507
music,4508
music,4509
music,4510
music,4511
music,4512
music,4513
music,4514
music,4515
music,4516
music,4517
music,4518
music,4519
music,4520
music,4521
music,4522
music,4523
music,4524
music,4525
music,4526
music,4527
music,4528
music,4529
music,4530
music,4531
music,4532
music,4533
music,4534
music,4535
music,4536
music,4537
music,4538
music,4539
music,4540
music,4541
music,4542
music,4543
music,4544
music,4545
music,4546
music,4547
music,4548
music,4549
music,4550
music,4551
music,4552
music,4553
music,4554
music,4555
music,4556
music,4557
music,4558
music,4559
music,4560
music,4561
music,4562
music,4563
music,4564
music,4565
music,4566
music,4567
music,4568
music,4569
music,4570
music,4571
music,4572
music,4573
music,4574
music,4575
music,4576
music,4577
music,4578
music,4579
music,4580
music,4581
music,4582
music,4583
music,4584
music,4585
music,4586
music,4587
music,4588
music,4589
music,4590
music,4591
music,4592
music,4593
music,4594
music,4595
music,4596
music,4597
music,4598
music,4599
music,4600
music,4601
music,4602
music,4603
music,4604
music,4605
music,4606
music,4607
music,4608
music,4609
music,4610
music,4611
music,4612
music,4613
music,4614
music,4615
music,4616
music,4617
music,4618
music,4619
music,4620
music,4621
music,4622
music,4623
music,4624
music,4625
music,4626
music,4627
music,4628
music,4629
music,4630
music,4631
music,4632
music,4633
music,4634
music,4635
music,4636
music,4637
music,4638
music,4639
music,4640
music,4641
music,4642
music,4643
music,4644
music,4645
music,4646
music,4647
music,4648
music,4649
music,4650
music,4651
music,4652
music,4653
music,4654
music,4655
music,4656
music,4657
music,4658
music,4659
music,4660
music,4661
music,4662
music,4663
music,4664
music,4665
music,4666
music,4667
music,4668
music,4669
music,4670
music,4671
music,4672
music,4673
music,4674
music,4675
music,4676
music,4677
music,4678
music,4679
speech,4680
speech,4681
speech,4682
speech,4683
speech,4684
speech,4685
speech,4686
speech,4687
speech,4688
speech,4689
speech,4690
speech,4691
speech,4692
speech,4693
speech,4694
speech,4695
speech,4696
speech,4697
speech,4698
speech,4699
speech,4700
speech,4701
speech,4702
speech,4703
speech,4704
speech,4705
speech,4706
speech,4707
speech,4708
speech,4709
speech,4710
speech,4711
speech,4712
speech,4713
speech,4714
speech,4715
speech,4716
speech,4717
speech,4718
speech,4719
speech,4720
speech,4721
speech,4722
speech,4723
speech,4724
speech,4725
speech,4726
speech,4727
speech,4728
speech,4729
speech,4730
speech,4731
speech,4732
speech,4733
speech,4734
speech,4735
speech,4736
speech,4737
speech,4738
speech,4739
speech,4740
music,4741
music,4742
music,4743
music,4744
music,4745
music,4746
music,4747
music,4748
music,4749
music,4750
music,4751
music,4752
music,4753
music,4754
music,4755
music,4756
music,4757
music,4758
music,4759
music,4760
music,4761
music,4762
music,4763
music,4764
music,4765
music,4766
music,4767
music,4768
music,4769
music,4770
music,4771
music,4772
music,4773
music,4774
music,4775
music,4776
music,4777
music,4778
music,4779
music,4780
music,4781
music,4782
music,4783
music,4784
music,4785
music,4786
music,4787
music,4788
music,4789
music,4790
music,4791
music,4792
music,4793
music,4794
music,4795
music,4796
music,4797
music,4798
music,4799
music,4800
music,4801
music,4802
music,4803
music,4804
music,4805
music,4806
music,4807
music,4808
music,4809
music,4810
music,4811
music,4812
music,4813
music,4814
music,4815
music,4816
music,4817
music,4818
music,4819
music,4820
music,4821
music,4822
music,4823
music,4824
music,4825
music,4826
music,4827
music,4828
music,4829
music,4830
music,4831
music,4832
music,4833
music,4834
music,4835
music,4836
music,4837
music,4838
music,4839
music,4840
music,4841
music,4842
music,4843
music,4844
music,4845
music,4846
music,4847
music,4848
music,4849
music,4850
music,4851
music,4852
music,4853
music,4854
music,4855
music,4856
music,4857
music,4858
music,4859
music,4860
music,4861
music,4862
music,4863
music,4864
music,4865
music,4866
music,4867
music,4868
music,4869
music,4870
music,4871
music,4872
music,4873
music,4874
music,4875
music,4876
music,4877
music,4878
music,4879
music,4880
music,4881
music,4882
music,4883
music,4884
music,4885
music,4886
music,4887
music,4888
music,4889
music,4890
music,4891
music,4892
music,4893
music,4894
music,4895
music,4896
music,4897
music,4898
music,4899
music,4900
music,4901
music,4902
music,4903
music,4904
music,4905
music,4906
music,4907
music,4908
music,4909
music,4910
music,4911
music,4912
music,4913
music,4914
music,4915
music,4916
music,4917
music,4918
music,4919
music,4920
music,4921
music,4922
music,4923
music,4924
music,4925
music,4926
music,4927
music,4928
music,4929
music,4930
music,4931
music,4932
music,4933
music,4934
music,4935
music,4936
music,4937
music,4938
music,4939
music,4940
music,4941
music,4942
music,4943
music,4944
music,4945
music,4946
music,4947
music,4948
music,4949
speech,4950
speech,4951
speech,4952
speech,4953
speech,4954
speech,4955
speech,4956
speech,4957
speech,4958
speech,4959
speech,4960
speech,4961
speech,4962
speech,4963
speech,4964
speech,4965
speech,4966
speech,4967
speech,4968
speech,4969
speech,4970
speech,4971
speech,4972
speech,4973
speech,4974
speech,4975
speech,4976
speech,4977
speech,4978
speech,4979
speech,4980
speech,4981
speech,4982
speech,4983
speech,4984
speech,4985
speech,4986
speech,4987
speech,4988
speech,4989
speech,4990
speech,4991
speech,4992
speech,4993
speech,4994
speech,4995
speech,4996
speech,4997
speech,4998
speech,4999
speech,5000
speech,5001
speech,5002
speech,5003
speech,5004
speech,5005
speech,5006
speech,5007
speech,5008
speech,5009
speech,5010
speech,5011
speech,5012
music,5013
music,5014
music,5015
music,5016
music,5017
music,5018
music,5019
music,5020
music,5021
music,5022
music,5023
music,5024
music,5025
music,5026
music,5027
music,5028
music,5029
music,5030
music,5031
music,5032
music,5033
music,5034
music,5035
music,5036
music,5037
music,5038
music,5039
music,5040
music,5041
music,5042
music,5043
music,5044
music,5045
music,5046
music,5047
music,5048
music,5049
music,5050
music,5051
music,5052
music,5053
music,5054
music,5055
music,5056
music,5057
music,5058
music,5059
music,5060
music,5061
music,5062
music,5063
music,5064
music,5065
music,5066
music,5067
music,5068
music,5069
music,5070
music,5071
music,5072
music,5073
music,5074
music,5075
music,5076
music,5077
music,5078
music,5079
music,5080
music,5081
music,5082
music,5083
music,5084
music,5085
music,5086
music,5087
music,5088
music,5089
music,5090
music,5091
music,5092
music,5093
music,5094
music,5095
music,5096
music,5097
music,5098
music,5099
music,5100
music,5101
music,5102
music,5103
music,5104
music,5105
music,5106
music,5107
music,5108
music,5109
music,5110
music,5111
music,5112
music,5113
music,5114
music,5115
music,5116
music,5117
music,5118
music,5119
music,5120
music,5121
music,5122
music,5123
music,5124
music,5125
music,5126
music,5127
music,5128
music,5129
music,5130
music,5131
music,5132
music,5133
music,5134
music,5135
music,5136
music,5137
music,5138
music,5139
music,5140
music,5141
music,5142
music,5143
music,5144
music,5145
music,5146
music,5147
music,5148
music,5149
music,5150
music,5151
music,5152
music,5153
music,5154
music,5155
music,5156
music,5157
music,5158
music,5159
music,5160
music,5161
music,5162
music,5163
music,5164
music,5165
music,5166
music,5167
music,5168
music,5169
speech,5170
speech,5171
speech,5172
speech,5173
speech,5174
speech,5175
speech,5176
speech,5177
speech,5178
speech,5179
speech,5180
speech,5181
speech,5182
speech,5183
speech,5184
speech,5185
speech,5186
speech,5187
speech,5188
speech,5189
speech,5190
speech,5191
speech,5192
speech,5193
speech,5194
speech,5195
speech,5196
speech,5197
speech,5198
speech,5199
speech,5200
speech,5201
speech,5202
speech,5203
speech,5204
speech,5205
speech,5206
speech,5207
speech,5208
speech,5209
speech,5210
speech,5211
speech,5212
speech,5213
speech,5214
speech,5215
speech,5216
speech,5217
speech,5218
speech,5219
speech,5220
speech,5221
speech,5222
speech,5223
speech,5224
speech,5225
speech,5226
speech,5227
speech,5228
speech,5229
speech,5230
speech,5231
speech,5232
speech,5233
speech,5234
speech,5235
speech,5236
speech,5237
speech,5238
speech,5239
speech,5240
speech,5241
speech,5242
speech,5243
speech,5244
speech,5245
speech,5246
speech,5247
music,5248
music,5249
music,5250
music,5251
music,5252
music,5253
music,5254
music,5255
music,5256
music,5257
music,5258
music,5259
music,5260
music,5261
music,5262
music,5263
music,5264
music,5265
music,5266
music,5267
music,5268
music,5269
music,5270
music,5271
music,5272
music,5273
music,5274
music,5275
music,5276
music,5277
music,5278
music,5279
music,5280
music,5281
music,5282
music,5283
music,5284
music,5285
music,5286
music,5287
music,5288
music,5289
music,5290
music,5291
music,5292
music,5293
music,5294
music,5295
music,5296
music,5297
music,5298
music,5299
music,5300
music,5301
music,5302
music,5303
music,5304
music,5305
music,5306
music,5307
music,5308
music,5309
music,5310
music,5311
music,5312
music,5313
music,5314
music,5315
music,5316
music,5317
music,5318
music,5319
music,5320
music,5321
music,5322
music,5323
music,5324
music,5325
music,5326
music,5327
music,5328
music,5329
music,5330
music,5331
music,5332
music,5333
music,5334
music,5335
music,5336
music,5337
music,5338
music,5339
music,5340
music,5341
music,5342
music,5343
music,5344
music,5345
music,5346
music,5347
music,5348
music,5349
music,5350
music,5351
music,5352
music,5353
music,5354
music,5355
music,5356
music,5357
music,5358
music,5359
music,5360
music,5361
music,5362
music,5363
music,5364
music,5365
music,5366
music,5367
music,5368
music,5369
music,5370
music,5371
music,5372
music,5373
music,5374
music,5375
music,5376
music,5377
music,5378
music,5379
music,5380
music,5381
music,5382
music,5383
music,5384
music,5385
music,5386
music,5387
music,5388
music,5389
music,5390
music,5391
music,5392
music,5393
music,5394
music,5395
music,5396
music,5397
music,5398
music,5399
music,5400
music,5401
music,5402
music,5403
music,5404
music,5405
music,5406
music,5407
music,5408
music,5409
music,5410
music,5411
music,5412
music,5413
music,5414
music,5415
music,5416
music,5417
music,5418
music,5419
music,5420
music,5421
music,5422
music,5423
music,5424
music,5425
music,5426
music,5427
music,5428
music,5429
music,5430
music,5431
music,5432
music,5433
music,5434
music,5435
music,5436
music,5437
music,5438
music,5439
music,5440
music,5441
music,5442
music,5443
music,5444
music,5445
music,5446
music,5447
music,5448
music,5449
music,5450
music,5451
music,5452
music,5453
music,5454
music,5455
music,5456
music,5457
music,5458
music,5459
music,5460
music,5461
music,5462
music,5463
music,5464
music,5465
music,5466
music,5467
music,5468
music,5469
music,5470
music,5471
music,5472
music,5473
music,5474
music,5475
music,5476
music,5477
music,5478
music,5479
music,5480
music,5481
music,5482
music,5483
music,5484
music,5485
music,5486
music,5487
music,5488
music,5489
music,5490
music,5491
music,5492
music,5493
music,5494
music,5495
music,5496
music,5497
music,5498
music,5499
music,5500
music,5501
music,5502
music,5503
music,5504
music,5505
music,5506
music,5507
music,5508
music,5509
music,5510
music,5511
music,5512
music,5513
music,5514
music,5515
music,5516
music,5517
music,5518
music,5519
music,5520
speech,5521
speech,5522
speech,5523
speech,5524
speech,5525
speech,5526
speech,5527
speech,5528
speech,5529
speech,5530
speech,5531
speech,5532
speech,5533
speech,5534
speech,5535
speech,5536
speech,5537
speech,5538
speech,5539
speech,5540
speech,5541
speech,5542
speech,5543
speech,5544
speech,5545
speech,5546
speech,5547
speech,5548
speech,5549
speech,5550
speech,5551
speech,5552
speech,5553
speech,5554
speech,5555
speech,5556
speech,5557
speech,5558
speech,5559
music,5560
music,5561
music,5562
music,5563
music,5564
music,5565
music,5566
music,5567
music,5568
music,5569
music,5570
music,5571
music,5572
music,5573
music,5574
music,5575
music,5576
music,5577
music,5578
music,5579
music,5580
music,5581
music,5582
music,5583
music,5584
music,5585
music,5586
music,5587
music,5588
music,5589
music,5590
music,5591
music,5592
music,5593
music,5594
music,5595
music,5596
music,5597
music,5598
music,5599
music,5600
music,5601
music,5602
music,5603
music,5604
music,5605
music,5606
music,5607
music,5608
music,5609
music,5610
music,5611
music,5612
music,5613
music,5614
music,5615
music,5616
music,5617
music,5618
music,5619
music,5620
music,5621
music,5622
music,5623
music,5624
music,5625
music,5626
music,5627
music,5628
music,5629
music,5630
music,5631
music,5632
music,5633
music,5634
music,5635
music,5636
music,5637
music,5638
music,5639
music,5640
music,5641
music,5642
music,5643
music,5644
music,5645
music,5646
music,5647
music,5648
music,5649
music,5650
music,5651
music,5652
music,5653
music,5654
music,5655
music,5656
music,5657
music,5658
music,5659
music,5660
music,5661
music,5662
music,5663
music,5664
music,5665
music,5666
music,5667
music,5668
music,5669
music,5670
music,5671
music,5672
music,5673
music,5674
music,5675
music,5676
music,5677
music,5678
music,5679
music,5680
music,5681
music,5682
music,5683
music,5684
music,5685
music,5686
music,5687
music,5688
music,5689
music,5690
music,5691
music,5692
music,5693
music,5694
music,5695
music,5696
music,5697
music,5698
music,5699
music,5700
music,5701
music,5702
music,5703
music,5704
music,5705
music,5706
music,5707
music,5708
music,5709
music,5710
music,5711
music,5712
music,5713
music,5714
music,5715
music,5716
music,5717
music,5718
music,5719
music,5720
music,5721
music,5722
music,5723
music,5724
music,5725
music,5726
music,5727
music,5728
music,5729
music,5730
music,5731
music,5732
music,5733
music,5734
music,5735
music,5736
music,5737
music,5738
music,5739
music,5740
music,5741
music,5742
music,5743
music,5744
music,5745
music,5746
music,5747
music,5748
music,5749
music,5750
music,5751
music,5752
music,5753
music,5754
music,5755
music,5756
music,5757
music,5758
music,5759
music,5760
music,5761
music,5762
music,5763
music,5764
music,5765
music,5766
music,5767
music,5768
music,5769
music,5770
music,5771
music,5772
music,5773
music,5774
music,5775
music,5776
music,5777
music,5778
music,5779
music,5780
music,5781
music,5782
music,5783
music,5784
music,5785
music,5786
music,5787
music,5788
music,5789
music,5790
music,5791
music,5792
music,5793
music,5794
music,5795
music,5796
music,5797
music,5798
music,5799
music,5800
music,5801
music,5802
music,5803
music,5804
music,5805
music,5806
music,5807
music,5808
music,5809
music,5810
music,5811
speech,5812
speech,5813
speech,5814
speech,5815
speech,5816
speech,5817
speech,5818
speech,5819
speech,5820
speech,5821
speech,5822
speech,5823
speech,5824
speech,5825
speech,5826
speech,5827
speech,5828
speech,5829
speech,5830
speech,5831
speech,5832
speech,5833
speech,5834
speech,5835
speech,5836
speech,5837
speech,5838
speech,5839
speech,5840
speech,5841
speech,5842
speech,5843
speech,5844
speech,5845
speech,5846
speech,5847
speech,5848
speech,5849
speech,5850
speech,5851
speech,5852
speech,5853
speech,5854
speech,5855
speech,5856
speech,5857
speech,5858
speech,5859
speech,5860
speech,5861
speech,5862
speech,5863
speech,5864
speech,5865
speech,5866
speech,5867
speech,5868
speech,5869
speech,5870
speech,5871
speech,5872
speech,5873
speech,5874
speech,5875
speech,5876
speech,5877
speech,5878
speech,5879
speech,5880
music,5881
music,5882
music,5883
music,5884
music,5885
music,5886
music,5887
music,5888
music,5889
music,5890
music,5891
music,5892
music,5893
music,5894
music,5895
music,5896
music,5897
music,5898
music,5899
music,5900
music,5901
music,5902
music,5903
music,5904
music,5905
music,5906
music,5907
music,5908
music,5909
music,5910
music,5911
music,5912
music,5913
music,5914
music,5915
music,5916
music,5917
music,5918
music,5919
music,5920
music,5921
music,5922
music,5923
music,5924
music,5925
music,5926
music,5927
music,5928
music,5929
music,5930
music,5931
music,5932
music,5933
music,5934
music,5935
music,5936
music,5937
music,5938
music,5939
music,5940
music,5941
music,5942
music,5943
music,5944
music,5945
music,5946
music,5947
music,5948
music,5949
music,5950
music,5951
music,5952
music,5953
music,5954
music,5955
music,5956
music,5957
music,5958
music,5959
music,5960
music,5961
music,5962
music,5963
music,5964
music,5965
music,5966
music,5967
music,5968
music,5969
music,5970
music,5971
music,5972
music,5973
music,5974
music,5975
music,5976
music,5977
music,5978
music,5979
music,5980
music,5981
music,5982
music,5983
music,5984
music,5985
music,5986
music,5987
music,5988
music,5989
music,5990
music,5991
music,5992
music,5993
music,5994
music,5995
music,5996
music,5997
music,5998
music,5999
music,6000
music,6001
music,6002
music,6003
music,6004
music,6005
music,6006
music,6007
music,6008
music,6009
music,6010
music,6011
music,6012
music,6013
music,6014
music,6015
music,6016
music,6017
music,6018
music,6019
music,6020
music,6021
music,6022
music,6023
music,6024
music,6025
music,6026
music,6027
music,6028
music,6029
music,6030
music,6031
music,6032
music,6033
music,6034
music,6035
music,6036
music,6037
music,6038
music,6039
music,6040
music,6041
music,6042
music,6043
music,6044
music,6045
music,6046
music,6047
music,6048
music,6049
music,6050
music,6051
music,6052
music,6053
music,6054
music,6055
music,6056
music,6057
music,6058
music,6059
music,6060
music,6061
music,6062
music,6063
music,6064
music,6065
music,6066
music,6067
music,6068
music,6069
music,6070
music,6071
music,6072
music,6073
music,6074
music,6075
music,6076
music,6077
music,6078
music,6079
music,6080
music,6081
music,6082
music,6083
music,6084
music,6085
music,6086
music,6087
music,6088
music,6089
music,6090
music,6091
music,6092
music,6093
music,6094
music,6095
music,6096
music,6097
music,6098
music,6099
music,6100
music,6101
music,6102
music,6103
music,6104
music,6105
music,6106
music,6107
music,6108
music,6109
music,6110
music,6111
music,6112
music,6113
music,6114
music,6115
music,6116
music,6117
music,6118
music,6119
music,6120
music,6121
music,6122
music,6123
music,6124
music,6125
music,6126
music,6127
music,6128
music,6129
music,6130
music,6131
music,6132
music,6133
speech,6134
speech,6135
speech,6136
speech,6137
speech,6138
speech,6139
speech,6140
speech,6141
speech,6142
speech,6143
speech,6144
speech,6145
speech,6146
speech,6147
speech,6148
speech,6149
speech,6150
speech,6151
speech,6152
speech,6153
speech,6154
speech,6155
speech,6156
speech,6157
speech,6158
speech,6159
speech,6160
speech,6161
speech,6162
speech,6163
speech,6164
speech,6165
speech,6166
speech,6167
speech,6168
speech,6169
speech,6170
speech,6171
speech,6172
speech,6173
speech,6174
speech,6175
speech,6176
speech,6177
speech,6178
speech,6179
speech,6180
speech,6181
speech,6182
music,6183
music,6184
music,6185
music,6186
music,6187
music,6188
music,6189
music,6190
music,6191
music,6192
music,6193
music,6194
music,6195
music,6196
music,6197
music,6198
music,6199
music,6200
music,6201
music,6202
music,6203
music,6204
music,6205
music,6206
music,6207
music,6208
music,6209
music,6210
music,6211
music,6212
music,6213
music,6214
music,6215
music,6216
music,6217
music,6218
music,6219
music,6220
music,6221
music,6222
music,6223
music,6224
music,6225
music,6226
music,6227
music,6228
music,6229
music,6230
music,6231
music,6232
music,6233
music,6234
music,6235
music,6236
music,6237
music,6238
music,6239
music,6240
music,6241
music,6242
music,6243
music,6244
music,6245
music,6246
music,6247
music,6248
music,6249
music,6250
music,6251
music,6252
music,6253
music,6254
music,6255
music,6256
music,6257
music,6258
music,6259
music,6260
music,6261
music,6262
music,6263
music,6264
music,6265
music,6266
music,6267
music,6268
music,6269
music,6270
music,6271
music,6272
music,6273
music,6274
music,6275
music,6276
music,6277
music,6278
music,6279
music,6280
music,6281
music,6282
music,6283
music,6284
music,6285
music,6286
music,6287
music,6288
music,6289
music,6290
music,6291
music,6292
music,6293
music,6294
music,6295
music,6296
music,6297
music,6298
music,6299
music,6300
music,6301
music,6302
music,6303
music,6304
music,6305
music,6306
music,6307
music,6308
music,6309
music,6310
music,6311
music,6312
music,6313
music,6314
music,6315
music,6316
music,6317
music,6318
music,6319
music,6320
music,6321
music,6322
music,6323
music,6324
music,6325
music,6326
music,6327
music,6328
music,6329
music,6330
music,6331
music,6332
music,6333
music,6334
music,6335
music,6336
music,6337
music,6338
music,6339
music,6340
music,6341
music,6342
music,6343
music,6344
music,6345
music,6346
music,6347
music,6348
music,6349
music,6350
music,6351
music,6352
music,6353
music,6354
music,6355
music,6356
music,6357
music,6358
music,6359
music,6360
music,6361
music,6362
music,6363
music,6364
music,6365
music,6366
music,6367
music,6368
music,6369
music,6370
music,6371
music,6372
music,6373
music,6374
music,6375
music,6376
music,6377
music,6378
music,6379
music,6380
music,6381
music,6382
music,6383
music,6384
music,6385
music,6386
music,6387
music,6388
music,6389
music,6390
music,6391
music,6392
music,6393
music,6394
music,6395
music,6396
music,6397
music,6398
music,6399
music,6400
music,6401
music,6402
music,6403
music,6404
music,6405
music,6406
music,6407
music,6408
music,6409
music,6410
music,6411
music,6412
music,6413
music,6414
music,6415
music,6416
music,6417
music,6418
music,6419
music,6420
music,6421
music,6422
music,6423
music,6424
music,6425
music,6426
music,6427
music,6428
music,6429
music,6430
music,6431
music,6432
music,6433
music,6434
music,6435
music,6436
music,6437
music,6438
music,6439
music,6440
music,6441
music,6442
music,6443
music,6444
music,6445
music,6446
music,6447
music,6448
music,6449
music,6450
music,6451
music,6452
music,6453
music,6454
music,6455
music,6456
music,6457
music,6458
music,6459
music,6460
music,6461
music,6462
music,6463
music,6464
music,6465
music,6466
music,6467
music,6468
music,6469
music,6470
music,6471
music,6472
music,6473
music,6474
music,6475
music,6476
music,6477
speech,6478
speech,6479
speech,6480
speech,6481
speech,6482
speech,6483
speech,6484
speech,6485
speech,6486
speech,6487
speech,6488
speech,6489
speech,6490
speech,6491
speech,6492
speech,6493
speech,6494
speech,6495
speech,6496
speech,6497
speech,6498
speech,6499
speech,6500
speech,6501
speech,6502
speech,6503
speech,6504
speech,6505
speech,6506
speech,6507
speech,6508
speech,6509
speech,6510
speech,6511
speech,6512
speech,6513
speech,6514
speech,6515
speech,6516
speech,6517
speech,6518
speech,6519
speech,6520
speech,6521
speech,6522
speech,6523
speech,6524
speech,6525
speech,6526
speech,6527
speech,6528
speech,6529
speech,6530
speech,6531
speech,6532
speech,6533
speech,6534
speech,6535
speech,6536
speech,6537
speech,6538
speech,6539
speech,6540
speech,6541
speech,6542
speech,6543
speech,6544
speech,6545
speech,6546
speech,6547
speech,6548
speech,6549
music,6550
music,6551
music,6552
music,6553
music,6554
music,6555
music,6556
music,6557
music,6558
music,6559
music,6560
music,6561
music,6562
music,6563
music,6564
music,6565
music,6566
music,6567
music,6568
music,6569
music,6570
music,6571
music,6572
music,6573
music,6574
music,6575
music,6576
music,6577
music,6578
music,6579
music,6580
music,6581
music,6582
music,6583
music,6584
music,6585
music,6586
music,6587
music,6588
music,6589
music,6590
music,6591
music,6592
music,6593
music,6594
music,6595
music,6596
music,6597
music,6598
music,6599
music,6600
music,6601
music,6602
music,6603
music,6604
music,6605
music,6606
music,6607
music,6608
music,6609
music,6610
music,6611
music,6612
music,6613
music,6614
music,6615
music,6616
music,6617
music,6618
music,6619
music,6620
music,6621
music,6622
music,6623
music,6624
music,6625
music,6626
music,6627
music,6628
music,6629
music,6630
music,6631
music,6632
music,6633
music,6634
music,6635
music,6636
music,6637
music,6638
music,6639
music,6640
music,6641
music,6642
music,6643
music,6644
music,6645
music,6646
music,6647
music,6648
music,6649
music,6650
music,6651
music,6652
music,6653
music,6654
music,6655
music,6656
music,6657
music,6658
music,6659
music,6660
music,6661
music,6662
music,6663
music,6664
music,6665
music,6666
music,6667
music,6668
music,6669
music,6670
music,6671
music,6672
music,6673
music,6674
music,6675
music,6676
music,6677
music,6678
music,6679
music,6680
music,6681
music,6682
music,6683
music,6684
music,6685
music,6686
music,6687
music,6688
music,6689
music,6690
music,6691
music,6692
music,6693
music,6694
music,6695
music,6696
music,6697
music,6698
music,6699
music,6700
music,6701
music,6702
music,6703
music,6704
music,6705
music,6706
music,6707
music,6708
music,6709
music,6710
music,6711
music,6712
music,6713
music,6714
music,6715
music,6716
music,6717
music,6718
music,6719
music,6720
music,6721
music,6722
music,6723
music,6724
music,6725
music,6726
music,6727
music,6728
music,6729
music,6730
music,6731
music,6732
music,6733
music,6734
music,6735
music,6736
music,6737
music,6738
music,6739
music,6740
music,6741
music,6742
music,6743
music,6744
music,6745
music,6746
music,6747
music,6748
music,6749
music,6750
music,6751
music,6752
music,6753
music,6754
music,6755
music,6756
music,6757
music,6758
music,6759
music,6760
music,6761
music,6762
music,6763
music,6764
music,6765
music,6766
music,6767
music,6768
music,6769
music,6770
music,6771
music,6772
music,6773
music,6774
music,6775
music,6776
music,6777
music,6778
music,6779
music,6780
music,6781
music,6782
music,6783
music,6784
music,6785
music,6786
music,6787
music,6788
music,6789
music,6790
music,6791
music,6792
music,6793
music,6794
music,6795
music,6796
music,6797
music,6798
music,6799
music,6800
music,6801
music,6802
music,6803
music,6804
music,6805
music,6806
music,6807
music,6808
music,6809
music,6810
music,6811
music,6812
music,6813
music,6814
music,6815
music,6816
music,6817
music,6818
music,6819
music,6820
music,6821
music,6822
music,6823
music,6824
music,6825
music,6826
music,6827
music,6828
music,6829
music,6830
music,6831
music,6832
music,6833
music,6834
music,6835
music,6836
music,6837
music,6838
music,6839
music,6840
music,6841
music,6842
music,6843
speech,6844
speech,6845
speech,6846
speech,6847
speech,6848
speech,6849
speech,6850
speech,6851
speech,6852
speech,6853
speech,6854
speech,6855
speech,6856
speech,6857
speech,6858
speech,6859
speech,6860
speech,6861
speech,6862
speech,6863
speech,6864
speech,6865
speech,6866
speech,6867
speech,6868
speech,6869
speech,6870
speech,6871
speech,6872
speech,6873
speech,6874
speech,6875
speech,6876
speech,6877
music,6878
music,6879
music,6880
music,6881
music,6882
music,6883
music,6884
music,6885
music,6886
music,6887
music,6888
music,6889
music,6890
music,6891
music,6892
music,6893
music,6894
music,6895
music,6896
music,6897
music,6898
music,6899
music,6900
music,6901
music,6902
music,6903
music,6904
music,6905
music,6906
music,6907
music,6908
music,6909
music,6910
music,6911
music,6912
music,6913
music,6914
music,6915
music,6916
music,6917
music,6918
music,6919
music,6920
music,6921
music,6922
music,6923
music,6924
music,6925
music,6926
music,6927
music,6928
music,6929
music,6930
music,6931
music,6932
music,6933
music,6934
music,6935
music,6936
music,6937
music,6938
music,6939
music,6940
music,6941
music,6942
music,6943
music,6944
music,6945
music,6946
music,6947
music,6948
music,6949
music,6950
music,6951
music,6952
music,6953
music,6954
music,6955
music,6956
music,6957
music,6958
music,6959
music,6960
music,6961
music,6962
music,6963
music,6964
music,6965
music,6966
music,6967
music,6968
music,6969
music,6970
music,6971
music,6972
music,6973
music,6974
music,6975
music,6976
music,6977
music,6978
music,6979
music,6980
music,6981
music,6982
music,6983
music,6984
music,6985
music,6986
music,6987
music,6988
music,6989
music,6990
music,6991
music,6992
music,6993
music,6994
music,6995
music,6996
music,6997
music,6998
music,6999
music,7000
music,7001
music,7002
music,7003
music,7004
music,7005
music,7006
music,7007
music,7008
music,7009
music,7010
music,7011
music,7012
music,7013
music,7014
music,7015
music,7016
music,7017
music,7018
music,7019
music,7020
music,7021
music,7022
music,7023
music,7024
music,7025
music,7026
music,7027
music,7028
music,7029
music,7030
music,7031
music,7032
music,7033
music,7034
music,7035
music,7036
music,7037
music,7038
music,7039
music,7040
music,7041
music,7042
music,7043
music,7044
music,7045
music,7046
music,7047
music,7048
music,7049
music,7050
music,7051
music,7052
music,7053
music,7054
music,7055
music,7056
music,7057
music,7058
music,7059
music,7060
music,7061
music,7062
music,7063
music,7064
music,7065
music,7066
music,7067
music,7068
music,7069
music,7070
music,7071
music,7072
music,7073
music,7074
music,7075
music,7076
music,7077
music,7078
music,7079
music,7080
music,7081
music,7082
music,7083
music,7084
music,7085
music,7086
music,7087
music,7088
music,7089
music,7090
music,7091
music,7092
music,7093
music,7094
music,7095
music,7096
music,7097
music,7098
music,7099
music,7100
music,7101
music,7102
music,7103
music,7104
music,7105
music,7106
music,7107
music,7108
music,7109
music,7110
music,7111
music,7112
music,7113
music,7114
music,7115
music,7116
music,7117
music,7118
music,7119
music,7120
music,7121
music,7122
music,7123
music,7124
music,7125
music,7126
music,7127
music,7128
music,7129
music,7130
music,7131
music,7132
music,7133
music,7134
music,7135
music,7136
music,7137
music,7138
music,7139
music,7140
music,7141
music,7142
music,7143
music,7144
music,7145
music,7146
music,7147
music,7148
music,7149
music,7150
music,7151
music,7152
music,7153
music,7154
music,7155
music,7156
music,7157
music,7158
music,7159
music,7160
music,7161
music,7162
music,7163
music,7164
music,7165
music,7166
music,7167
music,7168
music,7169
speech,7170
speech,7171
speech,7172
speech,7173
speech,7174
speech,7175
speech,7176
speech,7177
speech,7178
speech,7179
speech,7180
speech,7181
speech,7182
speech,7183
speech,7184
speech,7185
speech,7186
speech,7187
speech,7188
speech,7189
speech,7190
speech,7191
speech,7192
speech,7193
music,7194
music,7195
music,7196
music,7197
music,7198
music,7199
music,7200
music,7201
music,7202
music,7203
music,7204
music,7205
music,7206
music,7207
music,7208
music,7209
music,7210
music,7211
music,7212
music,7213
music,7214
music,7215
music,7216
music,7217
music,7218
music,7219
music,7220
music,7221
music,7222
music,7223
music,7224
music,7225
music,7226
music,7227
music,7228
music,7229
music,7230
music,7231
music,7232
music,7233
music,7234
music,7235
music,7236
music,7237
music,7238
music,7239
music,7240
music,7241
music,7242
music,7243
music,7244
music,7245
music,7246
music,7247
music,7248
music,7249
music,7250
music,7251
music,7252
music,7253
music,7254
music,7255
music,7256
music,7257
music,7258
music,7259
music,7260
music,7261
music,7262
music,7263
music,7264
music,7265
music,7266
music,7267
music,7268
music,7269
music,7270
music,7271
music,7272
music,7273
music,7274
music,7275
music,7276
music,7277
music,7278
music,7279
music,7280
music,7281
music,7282
music,7283
music,7284
music,7285
music,7286
music,7287
music,7288
music,7289
music,7290
music,7291
music,7292
music,7293
music,7294
music,7295
music,7296
music,7297
music,7298
music,7299
music,7300
music,7301
music,7302
music,7303
music,7304
music,7305
music,7306
music,7307
music,7308
music,7309
music,7310
music,7311
music,7312
music,7313
music,7314
music,7315
music,7316
music,7317
music,7318
music,7319
music,7320
music,7321
music,7322
music,7323
music,7324
music,7325
music,7326
music,7327
music,7328
music,7329
speech,7330
speech,7331
speech,7332
speech,7333
speech,7334
speech,7335
speech,7336
speech,7337
speech,7338
speech,7339
speech,7340
speech,7341
speech,7342
speech,7343
speech,7344
speech,7345
speech,7346
speech,7347
speech,7348
speech,7349
speech,7350
speech,7351
speech,7352
speech,7353
speech,7354
speech,7355
speech,7356
speech,7357
speech,7358
speech,7359
speech,7360
speech,7361
speech,7362
speech,7363
speech,7364
speech,7365
speech,7366
speech,7367
speech,7368
speech,7369
speech,7370
speech,7371
speech,7372
speech,7373
speech,7374
speech,7375
speech,7376
speech,7377
speech,7378
speech,7379
speech,7380
speech,7381
speech,7382
speech,7383
speech,7384
speech,7385
speech,7386
speech,7387
speech,7388
speech,7389
speech,7390
speech,7391
speech,7392
speech,7393
speech,7394
speech,7395
speech,7396
speech,7397
speech,7398
speech,7399
speech,7400
speech,7401
speech,7402
speech,7403
speech,7404
speech,7405
speech,7406
speech,7407
speech,7408
speech,7409
speech,7410
speech,7411
speech,7412
speech,7413
speech,7414
speech,7415
speech,7416
speech,7417
speech,7418
speech,7419
speech,7420
speech,7421
speech,7422
speech,7423
speech,7424
speech,7425
speech,7426
speech,7427
speech,7428
speech,7429
speech,7430
speech,7431
speech,7432
speech,7433
speech,7434
speech,7435
speech,7436
speech,7437
speech,7438
speech,7439
speech,7440
speech,7441
speech,7442
speech,7443
speech,7444
speech,7445
speech,7446
speech,7447
speech,7448
speech,7449
speech,7450
speech,7451
speech,7452
speech,7453
speech,7454
speech,7455
speech,7456
speech,7457
speech,7458
speech,7459
speech,7460
speech,7461
speech,7462
speech,7463
speech,7464
speech,7465
speech,7466
speech,7467
speech,7468
speech,7469
speech,7470
speech,7471
speech,7472
speech,7473
speech,7474
speech,7475
speech,7476
speech,7477
speech,7478
speech,7479
speech,7480
speech,7481
speech,7482
speech,7483
speech,7484
speech,7485
speech,7486
speech,7487
speech,7488
speech,7489
speech,7490
speech,7491
speech,7492
speech,7493
speech,7494
speech,7495
speech,7496
music,7497
music,7498
music,7499
music,7500
music,7501
music,7502
music,7503
music,7504
music,7505
music,7506
music,7507
music,7508
music,7509
music,7510
music,7511
music,7512
music,7513
music,7514
music,7515
